Date,Product,Region,Quantity,Unit_Price,Total_Sales,Month,Day_of_Week
2023-04-13,Tablet,North,8,152.29,1218.32,April,Thursday
2023-12-15,Tablet,North,9,1695.65,15260.85,December,Friday
2023-09-28,Laptop,North,4,1528.37,6113.48,September,Thursday
2023-04-17,Phone,North,6,534.52,3207.12,April,Monday
2023-03-13,Phone,West,9,1917.01,17253.09,March,Monday
2023-07-08,Keyboard,North,6,381.54,2289.2400000000002,July,Saturday
2023-01-21,Phone,East,9,1391.14,12520.26,January,Saturday
2023-04-13,Monitor,West,4,527.29,2109.16,April,Thursday
2023-05-02,Phone,South,8,919.62,7356.96,May,Tuesday
2023-08-03,Keyboard,South,9,1466.4,13197.6,August,Thursday
2023-11-27,Phone,East,4,1170.32,4681.28,November,Monday
2023-03-29,Monitor,East,5,912.25,4561.25,March,Wednesday
2023-04-10,Laptop,West,8,720.04,5760.32,April,Monday
2023-12-26,Keyboard,South,6,1695.35,10172.099999999999,December,Tuesday
2023-06-01,Laptop,South,7,373.25,2612.75,June,Thursday
2023-05-11,Laptop,South,3,917.2,2751.6000000000004,May,Thursday
2023-05-30,Laptop,South,7,1817.14,12719.980000000001,May,Tuesday
2023-11-05,Tablet,South,8,1707.11,13656.88,November,Sunday
2023-09-15,Tablet,North,6,861.79,5170.74,September,Friday
2023-12-10,Laptop,East,9,1549.91,13949.19,December,Sunday
2023-10-21,Keyboard,North,6,1664.01,9984.06,October,Saturday
2023-07-11,Monitor,South,9,1788.89,16100.01,July,Tuesday
2023-10-04,Monitor,West,4,1134.56,4538.24,October,Wednesday
2023-06-10,Phone,West,8,488.48,3907.84,June,Saturday
2023-11-10,Keyboard,South,4,585.09,2340.36,November,Friday
2023-01-22,Tablet,South,2,661.82,1323.64,January,Sunday
2023-09-10,Laptop,West,9,1228.22,11053.98,September,Sunday
2023-08-24,Phone,North,5,162.34,811.7,August,Thursday
2023-12-11,Monitor,North,4,1308.48,5233.92,December,Monday
2023-02-18,Tablet,South,2,792.27,1584.54,February,Saturday
2023-02-28,Tablet,North,1,660.96,660.96,February,Tuesday
2023-06-19,Laptop,West,7,1771.04,12397.279999999999,June,Monday
2023-07-07,Monitor,North,6,974.0,5844.0,July,Friday
2023-09-28,Keyboard,South,2,280.6,561.2,September,Thursday
2023-07-09,Tablet,West,8,1670.82,13366.56,July,Sunday
2023-06-24,Laptop,North,4,190.52,762.08,June,Saturday
2023-02-20,Keyboard,East,8,1480.82,11846.56,February,Monday
2023-12-30,Monitor,West,7,1570.42,10992.94,December,Saturday
2023-02-24,Tablet,West,5,769.94,3849.7000000000003,February,Friday
2023-09-01,Keyboard,East,8,1667.1,13336.8,September,Friday
2023-11-16,Keyboard,East,9,1079.75,9717.75,November,Thursday
2023-05-11,Keyboard,West,5,980.26,4901.3,May,Thursday
2023-11-03,Tablet,East,5,186.27,931.35,November,Friday
2023-05-15,Tablet,Online,2,651.06,1302.12,May,Monday
2023-01-21,Phone,South,5,1868.92,9344.6,January,Saturday
2023-11-25,Monitor,South,3,844.47,2533.41,November,Saturday
2023-06-16,Laptop,West,7,1138.73,7971.110000000001,June,Friday
2023-10-01,Keyboard,East,5,1110.84,5554.2,October,Sunday
2023-03-30,Phone,East,8,1221.82,9774.56,March,Thursday
2023-11-12,Laptop,Online,1,216.53,216.53,November,Sunday
2023-01-14,Phone,North,3,788.13,2364.39,January,Saturday
2023-08-30,Tablet,East,3,1473.94,4421.82,August,Wednesday
2023-09-22,Keyboard,East,9,481.06,4329.54,September,Friday
2023-12-12,Laptop,East,5,486.8,2434.0,December,Tuesday
2023-02-22,Laptop,West,9,119.17,1072.53,February,Wednesday
2023-12-06,Laptop,East,9,931.22,8380.98,December,Wednesday
2023-04-02,Laptop,North,1,1777.2,1777.2,April,Sunday
2023-09-21,Laptop,West,2,198.61,397.22,September,Thursday
2023-02-04,Phone,East,5,463.13,2315.65,February,Saturday
2023-07-25,Keyboard,North,4,689.16,2756.64,July,Tuesday
2023-03-22,Tablet,West,9,1490.28,13412.52,March,Wednesday
2023-02-19,Tablet,East,7,1317.21,9220.470000000001,February,Sunday
2023-12-26,Tablet,East,6,890.29,5341.74,December,Tuesday
2023-01-02,Tablet,East,7,1542.23,10795.61,January,Monday
2023-02-23,Phone,Online,1,1258.3,1258.3,February,Thursday
2023-04-16,Monitor,North,1,1802.48,1802.48,April,Sunday
2023-09-17,Keyboard,North,8,1654.25,13234.0,September,Sunday
2023-11-06,Laptop,South,2,580.35,1160.7,November,Monday
2023-07-10,Monitor,East,9,615.73,5541.57,July,Monday
2023-08-06,Tablet,South,7,338.18,2367.26,August,Sunday
2023-02-13,Monitor,South,6,740.23,4441.38,February,Monday
2023-06-11,Keyboard,North,1,1999.13,1999.13,June,Sunday
2023-07-21,Laptop,West,1,870.93,870.93,July,Friday
2023-09-27,Laptop,West,2,518.93,1037.86,September,Wednesday
2023-12-17,Keyboard,North,6,1548.72,9292.32,December,Sunday
2023-10-31,Keyboard,West,6,1130.69,6784.14,October,Tuesday
2023-09-28,Tablet,South,2,384.24,768.48,September,Thursday
2023-08-03,Laptop,East,1,823.31,823.31,August,Thursday
2023-09-09,Monitor,North,5,887.49,4437.45,September,Saturday
2023-07-09,Phone,East,5,1532.28,7661.4,July,Sunday
2023-10-23,Phone,West,2,139.28,278.56,October,Monday
2023-08-01,Keyboard,East,6,611.14,3666.84,August,Tuesday
2023-07-27,Tablet,West,9,1083.43,9750.87,July,Thursday
2023-08-25,Phone,West,2,610.81,1221.62,August,Friday
2023-12-04,Laptop,South,2,1294.02,2588.04,December,Monday
2023-02-22,Keyboard,West,3,1015.55,3046.6499999999996,February,Wednesday
2023-10-07,Monitor,South,7,787.25,5510.75,October,Saturday
2023-08-05,Keyboard,South,6,1903.5,11421.0,August,Saturday
2023-09-09,Monitor,South,8,1301.1,10408.8,September,Saturday
2023-07-07,Keyboard,North,8,346.89,2775.12,July,Friday
2023-02-10,Keyboard,North,6,1164.17,6985.02,February,Friday
2023-06-06,Keyboard,West,3,1583.39,4750.17,June,Tuesday
2023-01-15,Monitor,South,3,1446.13,4338.39,January,Sunday
2023-10-28,Monitor,North,1,426.97,426.97,October,Saturday
2023-03-06,Keyboard,South,7,1947.6,13633.199999999999,March,Monday
2023-12-11,Phone,East,5,952.75,4763.75,December,Monday
2023-11-23,Tablet,East,4,402.15,1608.6,November,Thursday
2023-01-09,Tablet,East,4,442.37,1769.48,January,Monday
2023-12-10,Tablet,West,4,286.65,1146.6,December,Sunday
2023-05-09,Monitor,South,6,1626.68,9760.08,May,Tuesday
2023-05-16,Monitor,East,8,331.86,2654.88,May,Tuesday
2023-03-04,Phone,North,8,337.74,2701.92,March,Saturday
2023-05-19,Tablet,East,5,1715.9,8579.5,May,Friday
2023-03-22,Tablet,East,6,754.75,4528.5,March,Wednesday
2023-06-12,Keyboard,East,4,158.63,634.52,June,Monday
2023-10-16,Monitor,West,9,198.6,1787.3999999999999,October,Monday
2023-09-18,Tablet,North,8,370.12,2960.96,September,Monday
2023-08-19,Phone,South,1,505.45,505.45,August,Saturday
2023-02-10,Phone,North,2,1363.78,2727.56,February,Friday
2023-01-28,Tablet,South,9,398.92,3590.28,January,Saturday
2023-05-15,Monitor,West,8,325.86,2606.88,May,Monday
2023-07-20,Phone,West,3,1552.97,4658.91,July,Thursday
2023-11-24,Keyboard,West,8,1375.01,11000.08,November,Friday
2023-09-25,Phone,West,1,927.12,927.12,September,Monday
2023-02-02,Laptop,South,4,1143.69,4574.76,February,Thursday
2023-02-17,Laptop,East,3,692.77,2078.31,February,Friday
2023-03-03,Monitor,South,6,1016.75,6100.5,March,Friday
2023-08-04,Tablet,North,7,1062.68,7438.76,August,Friday
2023-10-20,Monitor,West,4,835.75,3343.0,October,Friday
2023-04-09,Monitor,West,7,1822.49,12757.43,April,Sunday
2023-06-21,Monitor,North,9,130.52,1174.68,June,Wednesday
2023-12-26,Monitor,Online,2,1586.13,3172.26,December,Tuesday
2023-08-02,Keyboard,East,3,336.33,1008.99,August,Wednesday
2023-02-04,Keyboard,East,5,1615.34,8076.7,February,Saturday
2023-08-15,Phone,North,3,1270.23,3810.69,August,Tuesday
2023-04-11,Laptop,East,8,1702.23,13617.84,April,Tuesday
2023-05-11,Monitor,South,8,285.28,2282.24,May,Thursday
2023-09-14,Phone,South,8,1162.06,9296.48,September,Thursday
2023-01-05,Laptop,North,9,1052.07,9468.63,January,Thursday
2023-08-06,Tablet,South,4,1441.77,5767.08,August,Sunday
2023-09-12,Keyboard,West,5,1115.15,5575.75,September,Tuesday
2023-12-25,Laptop,North,5,1127.4,5637.0,December,Monday
2023-10-10,Tablet,South,8,916.23,7329.84,October,Tuesday
2023-07-26,Laptop,North,7,686.79,4807.53,July,Wednesday
2023-01-15,Keyboard,East,9,1016.3,9146.699999999999,January,Sunday
2023-12-12,Keyboard,South,8,325.14,2601.12,December,Tuesday
2023-02-11,Phone,West,2,1926.88,3853.76,February,Saturday
2023-06-28,Monitor,South,4,1457.38,5829.52,June,Wednesday
2023-03-04,Laptop,North,6,1909.69,11458.14,March,Saturday
2023-12-18,Laptop,North,2,530.78,1061.56,December,Monday
2023-08-19,Tablet,South,7,1770.75,12395.25,August,Saturday
2023-08-29,Keyboard,West,3,1636.7,4910.1,August,Tuesday
2023-02-21,Laptop,West,3,1386.59,4159.7699999999995,February,Tuesday
2023-04-06,Keyboard,West,2,1287.56,2575.12,April,Thursday
2023-08-10,Laptop,Online,8,701.44,5611.52,August,Thursday
2023-08-19,Phone,South,6,1651.18,9907.08,August,Saturday
2023-08-25,Monitor,East,1,1052.88,1052.88,August,Friday
2023-05-23,Laptop,North,1,234.69,234.69,May,Tuesday
2023-06-20,Keyboard,West,7,694.44,4861.08,June,Tuesday
2023-01-29,Phone,South,8,1877.06,15016.48,January,Sunday
2023-02-05,Laptop,West,5,1716.29,8581.45,February,Sunday
2023-01-13,Tablet,East,5,1965.62,9828.099999999999,January,Friday
2023-06-09,Monitor,West,4,1293.19,5172.76,June,Friday
2023-11-23,Laptop,West,6,570.27,3421.62,November,Thursday
2023-07-06,Phone,East,6,409.35,2456.1000000000004,July,Thursday
2023-08-31,Tablet,South,3,455.14,1365.42,August,Thursday
2023-03-27,Phone,North,9,137.61,1238.4900000000002,March,Monday
2023-10-11,Phone,South,7,842.3,5896.099999999999,October,Wednesday
2023-03-07,Tablet,East,1,463.71,463.71,March,Tuesday
2023-06-19,Phone,West,7,882.15,6175.05,June,Monday
2023-02-14,Tablet,South,5,1876.49,9382.45,February,Tuesday
2023-03-03,Laptop,North,5,918.03,4590.15,March,Friday
2023-05-14,Tablet,East,2,1768.17,3536.34,May,Sunday
2023-10-11,Tablet,South,4,1250.46,5001.84,October,Wednesday
2023-01-28,Monitor,North,6,569.55,3417.2999999999997,January,Saturday
2023-04-18,Tablet,East,7,776.12,5432.84,April,Tuesday
2023-02-13,Tablet,North,5,259.45,1297.25,February,Monday
2023-12-06,Laptop,East,9,733.58,6602.22,December,Wednesday
2023-10-13,Monitor,West,3,1387.33,4161.99,October,Friday
2023-11-27,Keyboard,South,1,237.01,237.01,November,Monday
2023-05-08,Laptop,North,4,490.26,1961.04,May,Monday
2023-12-14,Laptop,East,9,824.74,7422.66,December,Thursday
2023-08-19,Keyboard,North,4,1965.89,7863.56,August,Saturday
2023-07-09,Tablet,North,2,1591.24,3182.48,July,Sunday
2023-08-13,Phone,South,5,1493.62,7468.099999999999,August,Sunday
2023-10-10,Monitor,West,3,320.76,962.28,October,Tuesday
2023-05-01,Phone,North,9,1583.89,14255.01,May,Monday
2023-04-26,Keyboard,East,4,1592.01,6368.04,April,Wednesday
2023-08-21,Laptop,East,6,1242.1,7452.599999999999,August,Monday
2023-09-16,Laptop,West,2,1981.69,3963.38,September,Saturday
2023-12-25,Monitor,East,6,717.98,4307.88,December,Monday
2023-07-17,Laptop,West,3,1888.42,5665.26,July,Monday
2023-05-17,Laptop,East,9,1837.99,16541.91,May,Wednesday
2023-11-14,Monitor,South,2,121.81,243.62,November,Tuesday
2023-06-14,Monitor,North,9,955.22,8596.98,June,Wednesday
2023-08-13,Keyboard,South,5,1956.5,9782.5,August,Sunday
2023-11-03,Laptop,North,8,295.93,2367.44,November,Friday
2023-08-22,Laptop,North,2,1140.79,2281.58,August,Tuesday
2023-06-21,Keyboard,North,6,1960.02,11760.119999999999,June,Wednesday
2023-06-01,Tablet,South,3,1155.44,3466.32,June,Thursday
2023-11-11,Tablet,North,5,460.65,2303.25,November,Saturday
2023-06-09,Tablet,South,8,1206.15,9649.2,June,Friday
2023-04-06,Keyboard,West,1,488.44,488.44,April,Thursday
2023-08-21,Laptop,East,5,1087.44,5437.200000000001,August,Monday
2023-06-29,Keyboard,East,3,240.68,722.04,June,Thursday
2023-04-23,Keyboard,North,4,1250.42,5001.68,April,Sunday
2023-11-14,Tablet,South,2,1081.9,2163.8,November,Tuesday
2023-02-21,Phone,East,9,1506.31,13556.789999999999,February,Tuesday
2023-09-25,Laptop,South,3,1298.33,3894.99,September,Monday
2023-10-22,Tablet,South,2,1144.25,2288.5,October,Sunday
2023-04-23,Phone,North,9,1410.58,12695.22,April,Sunday
2023-04-11,Phone,East,7,373.49,2614.4300000000003,April,Tuesday
2023-04-23,Monitor,North,6,1231.18,7387.08,April,Sunday
2023-03-22,Laptop,North,1,427.01,427.01,March,Wednesday
2023-07-06,Phone,East,5,1858.49,9292.45,July,Thursday
2023-04-23,Tablet,East,3,229.83,689.49,April,Sunday
2023-01-02,Monitor,West,1,917.71,917.71,January,Monday
2023-05-10,Laptop,West,4,1422.02,5688.08,May,Wednesday
2023-08-08,Keyboard,South,2,970.24,1940.48,August,Tuesday
2023-02-23,Tablet,East,2,274.98,549.96,February,Thursday
2023-12-09,Phone,West,3,1151.42,3454.26,December,Saturday
2023-08-12,Phone,South,8,1319.1,10552.8,August,Saturday
2023-08-13,Tablet,South,8,1437.21,11497.68,August,Sunday
2023-05-06,Phone,South,7,809.19,5664.33,May,Saturday
2023-05-10,Monitor,West,6,1170.95,7025.700000000001,May,Wednesday
2023-02-22,Laptop,East,9,956.3,8606.699999999999,February,Wednesday
2023-06-21,Monitor,North,4,1376.91,5507.64,June,Wednesday
2023-08-06,Phone,South,1,1208.76,1208.76,August,Sunday
2023-06-09,Keyboard,West,8,1098.94,8791.52,June,Friday
2023-07-17,Laptop,West,7,574.1,4018.7000000000003,July,Monday
2023-09-04,Laptop,North,7,103.84,726.88,September,Monday
2023-11-20,Tablet,North,3,430.76,1292.28,November,Monday
2023-07-22,Tablet,West,4,322.43,1289.72,July,Saturday
2023-07-03,Keyboard,East,9,953.26,8579.34,July,Monday
2023-05-03,Laptop,North,6,1263.29,7579.74,May,Wednesday
2023-09-12,Keyboard,West,5,504.86,2524.3,September,Tuesday
2023-10-21,Tablet,North,3,1884.21,5652.63,October,Saturday
2023-10-07,Tablet,East,9,112.7,1014.3000000000001,October,Saturday
2023-11-21,Laptop,South,5,1567.37,7836.849999999999,November,Tuesday
2023-04-08,Monitor,North,5,1287.89,6439.450000000001,April,Saturday
2023-07-17,Phone,East,4,809.75,3239.0,July,Monday
2023-08-28,Tablet,West,4,195.93,783.72,August,Monday
2023-05-24,Tablet,North,1,1292.22,1292.22,May,Wednesday
2023-04-07,Monitor,North,7,832.67,5828.69,April,Friday
2023-07-20,Monitor,West,9,1878.91,16910.190000000002,July,Thursday
2023-05-04,Keyboard,South,3,1129.78,3389.34,May,Thursday
2023-07-06,Keyboard,West,2,1885.34,3770.68,July,Thursday
2023-11-22,Phone,North,3,518.92,1556.7599999999998,November,Wednesday
2023-12-15,Phone,West,1,1478.88,1478.88,December,Friday
2023-09-16,Laptop,East,6,1272.77,7636.62,September,Saturday
2023-05-28,Keyboard,West,7,1504.88,10534.16,May,Sunday
2023-09-09,Tablet,North,2,507.87,1015.74,September,Saturday
2023-12-12,Keyboard,West,8,1363.49,10907.92,December,Tuesday
2023-05-27,Tablet,South,6,1046.28,6277.68,May,Saturday
2023-05-28,Monitor,West,4,1511.37,6045.48,May,Sunday
2023-12-18,Keyboard,South,5,721.38,3606.9,December,Monday
2023-07-18,Monitor,East,8,1791.11,14328.88,July,Tuesday
2023-11-04,Phone,South,3,260.17,780.51,November,Saturday
2023-05-08,Phone,West,3,1633.66,4900.9800000000005,May,Monday
2023-02-08,Laptop,North,4,1736.51,6946.04,February,Wednesday
2023-12-04,Keyboard,South,1,1652.78,1652.78,December,Monday
2023-12-26,Monitor,East,9,1074.18,9667.62,December,Tuesday
2023-05-09,Tablet,South,8,932.93,7463.44,May,Tuesday
2023-09-24,Phone,South,8,1992.9,15943.2,September,Sunday
2023-05-31,Phone,South,6,535.43,3212.58,May,Wednesday
2023-10-25,Tablet,East,7,1139.06,7973.42,October,Wednesday
2023-04-09,Monitor,West,6,1374.28,8245.68,April,Sunday
2023-09-20,Monitor,South,9,1431.65,12884.85,September,Wednesday
2023-09-09,Keyboard,South,3,487.65,1462.9499999999998,September,Saturday
2023-05-24,Keyboard,North,3,1342.59,4027.7699999999995,May,Wednesday
2023-12-12,Laptop,East,3,1654.9,4964.700000000001,December,Tuesday
2023-04-22,Phone,South,3,195.04,585.12,April,Saturday
2023-03-01,Keyboard,East,9,1831.89,16487.010000000002,March,Wednesday
2023-01-02,Monitor,South,4,156.06,624.24,January,Monday
2023-10-31,Tablet,West,7,776.34,5434.38,October,Tuesday
2023-09-11,Monitor,West,9,130.05,1170.45,September,Monday
2023-05-20,Phone,South,7,246.58,1726.0600000000002,May,Saturday
2023-02-06,Monitor,West,9,1831.22,16480.98,February,Monday
2023-06-09,Laptop,South,3,774.24,2322.7200000000003,June,Friday
2023-01-09,Phone,West,4,907.07,3628.28,January,Monday
2023-08-21,Tablet,North,8,509.15,4073.2,August,Monday
2023-04-09,Laptop,North,6,1234.48,7406.88,April,Sunday
2023-05-27,Phone,North,5,1230.13,6150.650000000001,May,Saturday
2023-10-31,Tablet,East,4,807.18,3228.72,October,Tuesday
2023-07-27,Laptop,East,8,732.77,5862.16,July,Thursday
2023-05-11,Laptop,North,1,1781.43,1781.43,May,Thursday
2023-06-01,Phone,East,9,828.24,7454.16,June,Thursday
2023-02-23,Keyboard,West,1,1037.65,1037.65,February,Thursday
2023-04-30,Laptop,South,8,638.28,5106.24,April,Sunday
2023-06-10,Laptop,South,4,1594.86,6379.44,June,Saturday
2023-04-26,Tablet,South,9,855.15,7696.349999999999,April,Wednesday
2023-03-16,Monitor,North,5,1075.86,5379.299999999999,March,Thursday
2023-04-23,Phone,East,3,581.38,1744.1399999999999,April,Sunday
2023-04-14,Phone,West,9,1976.55,17788.95,April,Friday
2023-12-06,Keyboard,West,9,653.84,5884.56,December,Wednesday
2023-09-11,Keyboard,North,4,1564.41,6257.64,September,Monday
2023-08-15,Phone,West,4,912.24,3648.96,August,Tuesday
2023-04-22,Keyboard,West,8,491.81,3934.48,April,Saturday
2023-04-09,Tablet,West,2,1619.47,3238.94,April,Sunday
2023-06-02,Phone,West,9,733.85,6604.650000000001,June,Friday
2023-12-15,Keyboard,East,6,1743.87,10463.22,December,Friday
2023-12-04,Phone,West,9,1838.99,16550.91,December,Monday
2023-07-13,Monitor,South,8,1733.67,13869.36,July,Thursday
2023-11-06,Laptop,North,7,166.52,1165.64,November,Monday
2023-06-12,Phone,East,1,1596.01,1596.01,June,Monday
2023-07-27,Laptop,West,3,881.54,2644.62,July,Thursday
2023-06-18,Keyboard,East,2,1760.07,3520.14,June,Sunday
2023-06-10,Laptop,West,5,1312.11,6560.549999999999,June,Saturday
2023-03-09,Phone,South,5,1683.92,8419.6,March,Thursday
2023-10-16,Monitor,North,5,1048.92,5244.6,October,Monday
2023-10-04,Keyboard,West,4,1116.55,4466.2,October,Wednesday
2023-10-31,Phone,West,5,374.34,1871.6999999999998,October,Tuesday
2023-05-15,Keyboard,West,3,1589.58,4768.74,May,Monday
2023-07-14,Tablet,West,1,896.84,896.84,July,Friday
2023-05-08,Laptop,North,5,1050.15,5250.75,May,Monday
2023-02-02,Tablet,North,9,1591.69,14325.210000000001,February,Thursday
2023-06-25,Phone,South,9,1237.81,11140.289999999999,June,Sunday
2023-01-22,Monitor,North,4,482.09,1928.36,January,Sunday
2023-08-26,Keyboard,West,3,1221.44,3664.32,August,Saturday
2023-06-07,Laptop,South,1,874.5,874.5,June,Wednesday
2023-02-07,Keyboard,South,2,992.1,1984.2,February,Tuesday
2023-08-18,Phone,South,8,153.79,1230.32,August,Friday
2023-12-31,Keyboard,West,1,499.06,499.06,December,Sunday
2023-02-20,Laptop,East,8,633.97,5071.76,February,Monday
2023-09-21,Phone,West,7,1454.62,10182.34,September,Thursday
2023-10-10,Keyboard,North,8,121.84,974.72,October,Tuesday
2023-01-27,Monitor,Online,6,876.68,5260.08,January,Friday
2023-08-14,Phone,West,9,1855.65,16700.850000000002,August,Monday
2023-10-04,Phone,West,3,312.57,937.71,October,Wednesday
2023-10-13,Monitor,South,4,1081.21,4324.84,October,Friday
2023-04-07,Tablet,West,6,1594.39,9566.34,April,Friday
2023-10-11,Laptop,South,8,1890.81,15126.48,October,Wednesday
2023-11-13,Tablet,North,5,1518.88,7594.400000000001,November,Monday
2023-10-31,Keyboard,South,3,1469.07,4407.21,October,Tuesday
2023-05-27,Monitor,West,6,1670.33,10021.98,May,Saturday
2023-01-04,Tablet,North,4,947.78,3791.12,January,Wednesday
2023-02-04,Phone,Online,9,1631.1,14679.9,February,Saturday
2023-07-11,Keyboard,South,3,115.13,345.39,July,Tuesday
2023-02-18,Keyboard,North,4,1856.67,7426.68,February,Saturday
2023-01-17,Tablet,South,7,942.28,6595.96,January,Tuesday
2023-06-21,Tablet,North,7,1151.42,8059.9400000000005,June,Wednesday
2023-08-08,Monitor,North,4,584.28,2337.12,August,Tuesday
2023-06-07,Laptop,South,6,1510.81,9064.86,June,Wednesday
2023-02-15,Tablet,East,3,245.61,736.83,February,Wednesday
2023-01-06,Tablet,North,6,1758.01,10548.06,January,Friday
2023-04-09,Phone,North,2,1673.42,3346.84,April,Sunday
2023-08-21,Keyboard,Online,8,510.51,4084.08,August,Monday
2023-02-06,Laptop,East,2,1637.72,3275.44,February,Monday
2023-10-07,Phone,East,7,1594.08,11158.56,October,Saturday
2023-12-15,Monitor,West,9,1301.21,11710.89,December,Friday
2023-10-29,Monitor,South,1,809.69,809.69,October,Sunday
2023-06-30,Tablet,East,8,615.85,4926.8,June,Friday
2023-04-05,Tablet,South,7,540.39,3782.73,April,Wednesday
2023-04-09,Monitor,West,6,705.36,4232.16,April,Sunday
2023-07-07,Tablet,South,6,1816.76,10900.56,July,Friday
2023-04-26,Laptop,East,6,247.52,1485.1200000000001,April,Wednesday
2023-07-10,Tablet,South,9,1674.86,15073.74,July,Monday
2023-09-10,Keyboard,East,2,762.89,1525.78,September,Sunday
2023-06-10,Tablet,South,1,1091.04,1091.04,June,Saturday
2023-09-13,Phone,East,6,1609.52,9657.119999999999,September,Wednesday
2023-11-19,Laptop,East,8,1780.32,14242.56,November,Sunday
2023-05-08,Phone,South,3,755.08,2265.2400000000002,May,Monday
2023-01-18,Phone,West,1,977.5,977.5,January,Wednesday
2023-10-08,Keyboard,North,9,887.58,7988.22,October,Sunday
2023-08-11,Laptop,West,1,125.18,125.18,August,Friday
2023-02-23,Laptop,South,3,662.29,1986.87,February,Thursday
2023-02-27,Laptop,West,8,972.46,7779.68,February,Monday
2023-11-19,Laptop,East,3,881.08,2643.2400000000002,November,Sunday
2023-12-26,Laptop,North,4,1471.67,5886.68,December,Tuesday
2023-06-23,Keyboard,South,8,831.13,6649.04,June,Friday
2023-10-07,Tablet,South,1,1029.82,1029.82,October,Saturday
2023-04-24,Phone,South,6,916.26,5497.5599999999995,April,Monday
2023-10-15,Laptop,Online,1,1507.19,1507.19,October,Sunday
2023-12-08,Tablet,East,1,1739.65,1739.65,December,Friday
2023-05-31,Tablet,South,8,1110.59,8884.72,May,Wednesday
2023-05-07,Phone,West,4,1599.92,6399.68,May,Sunday
2023-06-04,Keyboard,South,1,663.89,663.89,June,Sunday
2023-09-30,Monitor,South,7,1128.6,7900.199999999999,September,Saturday
2023-04-14,Monitor,South,5,755.94,3779.7000000000003,April,Friday
2023-10-26,Tablet,South,5,886.98,4434.9,October,Thursday
2023-09-03,Phone,East,1,1491.59,1491.59,September,Sunday
2023-06-25,Monitor,West,6,1775.16,10650.960000000001,June,Sunday
2023-02-08,Tablet,East,9,330.84,2977.56,February,Wednesday
2023-06-19,Keyboard,West,9,1305.81,11752.289999999999,June,Monday
2023-09-04,Monitor,South,8,1206.07,9648.56,September,Monday
2023-01-26,Tablet,North,5,324.99,1624.95,January,Thursday
2023-12-21,Tablet,East,1,502.6,502.6,December,Thursday
2023-11-02,Laptop,North,9,690.9,6218.099999999999,November,Thursday
2023-01-13,Keyboard,East,1,417.17,417.17,January,Friday
2023-11-12,Laptop,South,8,563.09,4504.72,November,Sunday
2023-11-09,Phone,Online,5,608.44,3042.2000000000003,November,Thursday
2023-02-05,Laptop,South,3,737.78,2213.34,February,Sunday
2023-06-22,Laptop,East,7,1523.84,10666.88,June,Thursday
2023-01-20,Monitor,South,7,1186.63,8306.41,January,Friday
2023-11-17,Tablet,South,9,1973.87,17764.829999999998,November,Friday
2023-09-21,Keyboard,West,7,888.0,6216.0,September,Thursday
2023-05-22,Laptop,South,3,1532.34,4597.0199999999995,May,Monday
2023-05-23,Keyboard,West,1,1755.79,1755.79,May,Tuesday
2023-04-02,Laptop,South,8,1390.06,11120.48,April,Sunday
2023-12-20,Phone,North,3,882.54,2647.62,December,Wednesday
2023-11-18,Laptop,South,8,1531.83,12254.64,November,Saturday
2023-10-15,Monitor,North,8,486.97,3895.76,October,Sunday
2023-08-03,Tablet,North,5,722.35,3611.75,August,Thursday
2023-12-08,Phone,South,1,1138.7,1138.7,December,Friday
2023-02-20,Laptop,North,7,1193.28,8352.96,February,Monday
2023-06-02,Keyboard,West,5,142.07,710.3499999999999,June,Friday
2023-07-05,Phone,East,8,1895.72,15165.76,July,Wednesday
2023-03-04,Phone,South,9,1423.59,12812.31,March,Saturday
2023-07-09,Laptop,North,7,1041.84,7292.879999999999,July,Sunday
2023-05-05,Phone,South,7,1872.94,13110.58,May,Friday
2023-05-30,Keyboard,West,1,934.28,934.28,May,Tuesday
2023-11-10,Phone,South,4,1962.83,7851.32,November,Friday
2023-02-27,Keyboard,South,2,1073.34,2146.68,February,Monday
2023-12-08,Laptop,North,2,317.14,634.28,December,Friday
2023-11-01,Tablet,West,2,1553.12,3106.24,November,Wednesday
2023-06-29,Phone,East,4,1389.91,5559.64,June,Thursday
2023-06-19,Tablet,East,1,1568.67,1568.67,June,Monday
2023-11-22,Keyboard,North,4,1907.74,7630.96,November,Wednesday
2023-09-28,Phone,South,2,1575.33,3150.66,September,Thursday
2023-02-23,Monitor,North,5,1261.54,6307.7,February,Thursday
2023-04-11,Tablet,North,3,1728.89,5186.67,April,Tuesday
2023-09-21,Phone,North,8,1379.17,11033.36,September,Thursday
2023-02-22,Tablet,South,4,875.43,3501.72,February,Wednesday
2023-03-01,Phone,West,1,1782.68,1782.68,March,Wednesday
2023-04-18,Laptop,North,1,521.61,521.61,April,Tuesday
2023-01-05,Tablet,South,3,1457.82,4373.46,January,Thursday
2023-04-13,Monitor,West,9,1774.97,15974.73,April,Thursday
2023-07-15,Monitor,North,7,1489.5,10426.5,July,Saturday
2023-09-19,Keyboard,Online,2,1424.82,2849.64,September,Tuesday
2023-12-31,Phone,West,9,1530.01,13770.09,December,Sunday
2023-12-16,Tablet,North,2,983.6,1967.2,December,Saturday
2023-02-16,Keyboard,West,3,1760.92,5282.76,February,Thursday
2023-12-21,Tablet,West,2,486.53,973.06,December,Thursday
2023-11-07,Phone,West,3,342.03,1026.09,November,Tuesday
2023-11-04,Monitor,West,6,642.47,3854.82,November,Saturday
2023-05-24,Laptop,West,9,1110.0,9990.0,May,Wednesday
2023-09-26,Monitor,West,9,1070.07,9630.63,September,Tuesday
2023-05-04,Keyboard,North,7,1659.14,11613.980000000001,May,Thursday
2023-04-16,Laptop,East,3,868.68,2606.04,April,Sunday
2023-06-07,Keyboard,South,4,1020.25,4081.0,June,Wednesday
2023-05-27,Phone,West,6,125.4,752.4000000000001,May,Saturday
2023-05-25,Laptop,Online,5,878.5,4392.5,May,Thursday
2023-04-30,Keyboard,North,2,1330.77,2661.54,April,Sunday
2023-11-15,Phone,West,6,129.47,776.8199999999999,November,Wednesday
2023-10-02,Monitor,East,3,633.68,1901.04,October,Monday
2023-04-02,Phone,South,8,495.12,3960.96,April,Sunday
2023-02-27,Tablet,West,2,179.77,359.54,February,Monday
2023-12-12,Phone,North,1,1010.59,1010.59,December,Tuesday
2023-08-17,Phone,East,9,445.27,4007.43,August,Thursday
2023-04-27,Tablet,South,3,1511.85,4535.549999999999,April,Thursday
2023-11-14,Keyboard,South,1,1711.06,1711.06,November,Tuesday
2023-10-06,Keyboard,West,7,1136.61,7956.2699999999995,October,Friday
2023-05-07,Phone,East,5,1965.24,9826.2,May,Sunday
2023-05-09,Tablet,East,5,955.91,4779.55,May,Tuesday
2023-02-27,Tablet,East,1,1075.4,1075.4,February,Monday
2023-05-02,Monitor,East,9,1979.51,17815.59,May,Tuesday
2023-01-01,Keyboard,North,7,539.94,3779.5800000000004,January,Sunday
2023-08-27,Laptop,East,8,1890.84,15126.72,August,Sunday
2023-10-17,Keyboard,South,9,181.39,1632.5099999999998,October,Tuesday
2023-04-06,Keyboard,South,6,948.14,5688.84,April,Thursday
2023-05-06,Monitor,North,5,233.01,1165.05,May,Saturday
2023-04-28,Laptop,South,6,1485.55,8913.3,April,Friday
2023-02-17,Monitor,South,2,1255.98,2511.96,February,Friday
2023-03-30,Laptop,East,4,1442.61,5770.44,March,Thursday
2023-08-25,Phone,South,3,811.51,2434.5299999999997,August,Friday
2023-09-29,Laptop,North,7,802.02,5614.139999999999,September,Friday
2023-07-08,Monitor,East,9,186.11,1674.9900000000002,July,Saturday
2023-07-11,Keyboard,West,5,764.9,3824.5,July,Tuesday
2023-03-10,Laptop,East,6,1865.65,11193.900000000001,March,Friday
2023-10-05,Laptop,North,2,820.53,1641.06,October,Thursday
2023-12-15,Tablet,East,3,1679.6,5038.799999999999,December,Friday
2023-09-04,Keyboard,East,3,1700.42,5101.26,September,Monday
2023-03-17,Phone,North,9,809.16,7282.44,March,Friday
2023-06-03,Monitor,East,7,1300.78,9105.46,June,Saturday
2023-05-24,Phone,North,8,281.21,2249.68,May,Wednesday
2023-03-27,Keyboard,North,9,296.99,2672.91,March,Monday
2023-07-04,Laptop,West,6,192.45,1154.6999999999998,July,Tuesday
2023-10-12,Laptop,South,4,1203.93,4815.72,October,Thursday
2023-08-08,Keyboard,South,1,909.53,909.53,August,Tuesday
2023-03-10,Laptop,East,8,1141.26,9130.08,March,Friday
2023-02-16,Laptop,East,7,1090.04,7630.28,February,Thursday
2023-04-04,Laptop,West,2,765.39,1530.78,April,Tuesday
2023-08-26,Monitor,West,8,1387.2,11097.6,August,Saturday
2023-07-23,Monitor,West,5,1541.15,7705.75,July,Sunday
2023-08-06,Tablet,North,7,127.79,894.5300000000001,August,Sunday
2023-12-07,Phone,West,4,493.76,1975.04,December,Thursday
2023-02-08,Keyboard,West,5,1455.15,7275.75,February,Wednesday
2023-04-10,Keyboard,East,8,834.58,6676.64,April,Monday
2023-10-16,Keyboard,West,1,1358.72,1358.72,October,Monday
2023-09-11,Tablet,North,1,759.23,759.23,September,Monday
2023-08-10,Monitor,North,4,842.43,3369.72,August,Thursday
2023-12-23,Tablet,East,3,401.49,1204.47,December,Saturday
2023-01-23,Keyboard,West,2,590.64,1181.28,January,Monday
2023-09-07,Phone,West,3,1250.28,3750.84,September,Thursday
2023-01-10,Laptop,North,1,923.01,923.01,January,Tuesday
2023-09-03,Monitor,West,1,1571.18,1571.18,September,Sunday
2023-11-21,Monitor,West,6,1719.91,10319.460000000001,November,Tuesday
2023-04-10,Tablet,West,5,1129.13,5645.650000000001,April,Monday
2023-10-17,Monitor,South,8,1540.71,12325.68,October,Tuesday
2023-06-29,Keyboard,East,2,683.12,1366.24,June,Thursday
2023-08-11,Keyboard,South,4,888.45,3553.8,August,Friday
2023-09-07,Tablet,East,8,1454.28,11634.24,September,Thursday
2023-05-27,Keyboard,North,6,833.8,5002.799999999999,May,Saturday
2023-04-06,Phone,West,1,1218.16,1218.16,April,Thursday
2023-09-14,Tablet,East,4,452.21,1808.84,September,Thursday
2023-11-21,Phone,South,1,1239.57,1239.57,November,Tuesday
2023-01-04,Laptop,West,2,1736.88,3473.76,January,Wednesday
2023-01-16,Phone,North,5,1750.42,8752.1,January,Monday
2023-10-07,Laptop,East,8,1476.25,11810.0,October,Saturday
2023-12-02,Laptop,East,8,1516.93,12135.44,December,Saturday
2023-09-04,Phone,East,3,1160.06,3480.18,September,Monday
2023-09-15,Tablet,West,4,1210.87,4843.48,September,Friday
2023-06-09,Keyboard,South,6,353.94,2123.64,June,Friday
2023-12-06,Keyboard,South,3,943.33,2829.9900000000002,December,Wednesday
2023-06-01,Laptop,East,2,956.47,1912.94,June,Thursday
2023-06-27,Laptop,North,6,1921.15,11526.900000000001,June,Tuesday
2023-06-12,Tablet,North,5,919.07,4595.35,June,Monday
2023-02-02,Monitor,South,5,1143.75,5718.75,February,Thursday
2023-06-28,Phone,North,5,1113.18,5565.900000000001,June,Wednesday
2023-04-11,Laptop,South,5,1309.85,6549.25,April,Tuesday
2023-09-25,Keyboard,East,3,1521.64,4564.92,September,Monday
2023-11-19,Tablet,South,7,527.58,3693.0600000000004,November,Sunday
2023-03-06,Phone,South,6,1104.58,6627.48,March,Monday
2023-06-17,Tablet,East,4,1669.24,6676.96,June,Saturday
2023-11-26,Phone,North,2,979.92,1959.84,November,Sunday
2023-02-12,Phone,South,9,629.07,5661.63,February,Sunday
2023-02-13,Laptop,South,1,1343.95,1343.95,February,Monday
2023-10-12,Tablet,East,4,1665.16,6660.64,October,Thursday
2023-01-12,Tablet,North,1,219.97,219.97,January,Thursday
2023-04-05,Keyboard,South,6,1575.9,9455.400000000001,April,Wednesday
2023-10-29,Keyboard,East,4,1661.13,6644.52,October,Sunday
2023-09-10,Laptop,South,5,976.89,4884.45,September,Sunday
2023-08-30,Laptop,West,5,1968.28,9841.4,August,Wednesday
2023-02-04,Monitor,East,9,1594.75,14352.75,February,Saturday
2023-08-03,Keyboard,North,1,1569.96,1569.96,August,Thursday
2023-12-03,Phone,North,2,1520.89,3041.78,December,Sunday
2023-03-31,Tablet,North,6,386.16,2316.96,March,Friday
2023-09-21,Laptop,North,5,512.74,2563.7,September,Thursday
2023-04-03,Tablet,South,7,981.58,6871.06,April,Monday
2023-03-31,Tablet,South,3,601.61,1804.83,March,Friday
2023-04-25,Monitor,North,3,888.96,2666.88,April,Tuesday
2023-04-15,Keyboard,North,2,1788.08,3576.16,April,Saturday
2023-07-15,Laptop,North,3,1666.22,4998.66,July,Saturday
2023-11-10,Tablet,South,1,1297.08,1297.08,November,Friday
2023-04-24,Laptop,North,5,1730.43,8652.15,April,Monday
2023-03-16,Phone,North,5,1589.17,7945.85,March,Thursday
2023-08-05,Monitor,West,7,915.07,6405.490000000001,August,Saturday
2023-10-04,Phone,West,4,482.02,1928.08,October,Wednesday
2023-09-06,Laptop,North,3,1076.98,3230.94,September,Wednesday
2023-06-13,Laptop,East,1,1498.83,1498.83,June,Tuesday
2023-12-23,Keyboard,North,8,929.2,7433.6,December,Saturday
2023-07-11,Tablet,West,3,1366.87,4100.61,July,Tuesday
2023-08-15,Tablet,East,2,279.22,558.44,August,Tuesday
2023-06-26,Phone,East,4,1521.21,6084.84,June,Monday
2023-04-09,Monitor,North,3,1644.16,4932.4800000000005,April,Sunday
2023-02-05,Tablet,West,1,1442.99,1442.99,February,Sunday
2023-04-06,Keyboard,West,3,1937.8,5813.4,April,Thursday
2023-06-01,Phone,East,2,1670.64,3341.28,June,Thursday
2023-05-31,Phone,North,8,1815.88,14527.04,May,Wednesday
2023-07-09,Keyboard,South,6,1873.79,11242.74,July,Sunday
2023-08-12,Monitor,South,9,1622.56,14603.039999999999,August,Saturday
2023-02-06,Keyboard,West,8,1381.09,11048.72,February,Monday
2023-09-25,Monitor,South,3,110.87,332.61,September,Monday
2023-07-02,Keyboard,West,5,985.07,4925.35,July,Sunday
2023-01-13,Keyboard,West,7,1185.21,8296.470000000001,January,Friday
2023-10-06,Laptop,West,5,677.66,3388.2999999999997,October,Friday
2023-08-05,Phone,South,8,704.4,5635.2,August,Saturday
2023-12-21,Keyboard,West,5,1926.2,9631.0,December,Thursday
2023-12-27,Keyboard,East,1,1794.25,1794.25,December,Wednesday
2023-10-13,Tablet,North,5,1713.44,8567.2,October,Friday
2023-09-30,Phone,North,4,871.42,3485.68,September,Saturday
2023-03-03,Tablet,West,6,126.03,756.1800000000001,March,Friday
2023-03-25,Phone,North,3,252.42,757.26,March,Saturday
2023-08-05,Tablet,South,5,693.17,3465.85,August,Saturday
2023-12-08,Keyboard,South,2,129.91,259.82,December,Friday
2023-07-06,Keyboard,North,6,132.58,795.48,July,Thursday
2023-01-19,Laptop,South,6,1841.55,11049.3,January,Thursday
2023-06-26,Tablet,North,5,1441.7,7208.5,June,Monday
2023-04-10,Monitor,North,6,687.02,4122.12,April,Monday
2023-08-21,Laptop,North,7,352.02,2464.14,August,Monday
2023-03-17,Tablet,West,5,1072.11,5360.549999999999,March,Friday
2023-09-22,Tablet,North,1,110.16,110.16,September,Friday
2023-10-11,Laptop,West,8,1882.99,15063.92,October,Wednesday
2023-07-25,Keyboard,North,4,888.15,3552.6,July,Tuesday
2023-08-11,Tablet,North,9,864.44,7779.960000000001,August,Friday
2023-02-21,Keyboard,North,6,842.13,5052.78,February,Tuesday
2023-12-05,Laptop,South,1,231.72,231.72,December,Tuesday
2023-05-24,Keyboard,West,3,1312.81,3938.43,May,Wednesday
2023-03-10,Phone,West,3,1492.71,4478.13,March,Friday
2023-04-09,Monitor,North,4,1384.64,5538.56,April,Sunday
2023-01-25,Tablet,North,6,363.03,2178.18,January,Wednesday
2023-02-22,Monitor,South,7,1199.8,8398.6,February,Wednesday
2023-05-31,Keyboard,South,4,1182.02,4728.08,May,Wednesday
2023-05-24,Tablet,South,6,1749.98,10499.880000000001,May,Wednesday
2023-02-26,Keyboard,West,1,820.34,820.34,February,Sunday
2023-02-08,Phone,West,8,805.82,6446.56,February,Wednesday
2023-04-19,Laptop,West,7,1275.2,8926.4,April,Wednesday
2023-06-30,Tablet,North,9,1302.84,11725.56,June,Friday
2023-02-11,Phone,West,3,991.64,2974.92,February,Saturday
2023-07-05,Phone,East,2,941.81,1883.62,July,Wednesday
2023-08-11,Tablet,East,1,1038.88,1038.88,August,Friday
2023-05-02,Keyboard,South,3,1735.99,5207.97,May,Tuesday
2023-05-13,Phone,West,5,976.22,4881.1,May,Saturday
2023-06-12,Monitor,East,2,1885.87,3771.74,June,Monday
2023-08-03,Phone,South,3,1057.61,3172.83,August,Thursday
2023-08-09,Keyboard,West,4,1903.48,7613.92,August,Wednesday
2023-08-23,Keyboard,North,7,1682.38,11776.66,August,Wednesday
2023-11-27,Monitor,East,3,788.62,2365.86,November,Monday
2023-05-26,Phone,North,9,1740.92,15668.28,May,Friday
2023-08-27,Keyboard,West,8,309.12,2472.96,August,Sunday
2023-03-17,Tablet,East,4,1857.59,7430.36,March,Friday
2023-01-09,Laptop,West,1,1300.12,1300.12,January,Monday
2023-03-15,Laptop,North,1,203.34,203.34,March,Wednesday
2023-09-10,Laptop,East,1,1324.09,1324.09,September,Sunday
2023-08-18,Phone,North,1,1951.07,1951.07,August,Friday
2023-01-07,Monitor,West,8,232.62,1860.96,January,Saturday
2023-06-23,Keyboard,West,3,1153.91,3461.7300000000005,June,Friday
2023-05-21,Tablet,North,6,1520.81,9124.86,May,Sunday
2023-06-17,Tablet,East,3,1639.49,4918.47,June,Saturday
2023-06-19,Phone,North,5,886.27,4431.35,June,Monday
2023-10-10,Laptop,West,7,487.92,3415.44,October,Tuesday
2023-05-02,Phone,Online,2,180.45,360.9,May,Tuesday
2023-07-13,Monitor,West,6,1201.48,7208.88,July,Thursday
2023-01-05,Monitor,North,6,960.53,5763.18,January,Thursday
2023-01-29,Keyboard,East,3,1902.61,5707.83,January,Sunday
2023-06-14,Keyboard,East,6,215.15,1290.9,June,Wednesday
2023-12-05,Monitor,North,5,1402.25,7011.25,December,Tuesday
2023-05-16,Monitor,North,2,147.44,294.88,May,Tuesday
2023-12-31,Monitor,East,9,425.72,3831.4800000000005,December,Sunday
2023-11-17,Phone,West,8,961.8,7694.4,November,Friday
2023-12-08,Monitor,East,3,964.26,2892.7799999999997,December,Friday
2023-05-25,Tablet,West,8,1402.83,11222.64,May,Thursday
2023-11-23,Laptop,North,9,1829.4,16464.600000000002,November,Thursday
2023-08-05,Monitor,North,3,1314.16,3942.4800000000005,August,Saturday
2023-10-28,Laptop,West,3,1911.72,5735.16,October,Saturday
2023-05-12,Phone,North,2,1775.07,3550.14,May,Friday
2023-10-19,Laptop,West,8,1210.55,9684.4,October,Thursday
2023-03-11,Phone,South,1,1684.2,1684.2,March,Saturday
2023-09-09,Tablet,East,8,1320.9,10567.2,September,Saturday
2023-10-02,Phone,South,7,249.26,1744.82,October,Monday
2023-12-30,Phone,West,7,1507.07,10549.49,December,Saturday
2023-07-01,Keyboard,East,3,280.33,840.99,July,Saturday
2023-06-16,Monitor,West,1,1228.76,1228.76,June,Friday
2023-04-01,Monitor,East,4,1435.02,5740.08,April,Saturday
2023-07-21,Tablet,East,9,226.4,2037.6000000000001,July,Friday
2023-12-12,Tablet,East,5,538.51,2692.55,December,Tuesday
2023-01-19,Monitor,East,1,1839.78,1839.78,January,Thursday
2023-02-08,Keyboard,West,5,1271.0,6355.0,February,Wednesday
2023-05-06,Monitor,East,8,567.94,4543.52,May,Saturday
2023-06-22,Keyboard,East,8,1412.29,11298.32,June,Thursday
2023-05-21,Tablet,South,5,1233.88,6169.400000000001,May,Sunday
2023-08-30,Laptop,North,9,1052.99,9476.91,August,Wednesday
2023-08-08,Tablet,North,1,1954.76,1954.76,August,Tuesday
2023-05-06,Tablet,South,4,1398.56,5594.24,May,Saturday
2023-02-27,Phone,South,3,813.34,2440.02,February,Monday
2023-05-28,Phone,West,2,1620.14,3240.28,May,Sunday
2023-11-13,Phone,West,8,1780.71,14245.68,November,Monday
2023-12-27,Phone,West,7,337.92,2365.44,December,Wednesday
2023-01-01,Keyboard,South,9,481.05,4329.45,January,Sunday
2023-12-14,Monitor,South,2,510.83,1021.66,December,Thursday
2023-07-09,Laptop,East,4,1413.3,5653.2,July,Sunday
2023-07-10,Tablet,West,6,1245.78,7474.68,July,Monday
2023-11-08,Keyboard,West,3,1276.08,3828.24,November,Wednesday
2023-04-27,Laptop,West,8,1887.47,15099.76,April,Thursday
2023-05-14,Keyboard,North,3,1574.23,4722.6900000000005,May,Sunday
2023-02-27,Keyboard,East,2,343.08,686.16,February,Monday
2023-02-13,Tablet,West,3,760.26,2280.7799999999997,February,Monday
2023-06-22,Monitor,West,6,927.25,5563.5,June,Thursday
2023-06-09,Phone,West,2,852.33,1704.66,June,Friday
2023-06-22,Monitor,North,8,1371.69,10973.52,June,Thursday
2023-11-13,Tablet,North,1,1794.6,1794.6,November,Monday
2023-10-30,Tablet,South,7,681.5,4770.5,October,Monday
2023-05-29,Tablet,East,2,1148.57,2297.14,May,Monday
2023-03-21,Laptop,South,6,1599.88,9599.28,March,Tuesday
2023-08-01,Monitor,East,2,890.81,1781.62,August,Tuesday
2023-07-22,Monitor,North,2,419.42,838.84,July,Saturday
2023-09-09,Keyboard,West,8,1002.41,8019.28,September,Saturday
2023-08-17,Keyboard,South,2,204.92,409.84,August,Thursday
2023-06-13,Keyboard,West,7,1890.53,13233.71,June,Tuesday
2023-08-15,Tablet,South,3,242.16,726.48,August,Tuesday
2023-05-27,Monitor,North,8,933.07,7464.56,May,Saturday
2023-01-20,Tablet,North,7,1106.77,7747.389999999999,January,Friday
2023-02-16,Laptop,North,8,1972.08,15776.64,February,Thursday
2023-08-21,Keyboard,South,7,415.44,2908.08,August,Monday
2023-11-01,Tablet,Online,6,317.42,1904.52,November,Wednesday
2023-01-14,Tablet,South,7,116.54,815.7800000000001,January,Saturday
2023-05-23,Laptop,East,5,395.59,1977.9499999999998,May,Tuesday
2023-01-01,Phone,South,7,493.82,3456.74,January,Sunday
2023-02-23,Monitor,South,1,1298.1,1298.1,February,Thursday
2023-09-16,Phone,North,1,517.44,517.44,September,Saturday
2023-05-24,Keyboard,West,9,138.99,1250.91,May,Wednesday
2023-01-12,Tablet,West,5,1670.57,8352.85,January,Thursday
2023-11-26,Laptop,East,5,794.63,3973.15,November,Sunday
2023-08-12,Laptop,West,3,772.02,2316.06,August,Saturday
2023-09-29,Monitor,South,5,674.71,3373.55,September,Friday
2023-12-24,Phone,South,3,1953.21,5859.63,December,Sunday
2023-06-05,Monitor,North,9,423.22,3808.9800000000005,June,Monday
2023-01-08,Tablet,North,9,1806.65,16259.85,January,Sunday
2023-05-02,Monitor,West,6,1575.93,9455.58,May,Tuesday
2023-12-14,Laptop,East,1,245.31,245.31,December,Thursday
2023-06-13,Laptop,West,7,1974.79,13823.529999999999,June,Tuesday
2023-03-31,Keyboard,West,7,615.6,4309.2,March,Friday
2023-05-16,Keyboard,West,4,287.31,1149.24,May,Tuesday
2023-07-05,Tablet,West,8,1675.7,13405.6,July,Wednesday
2023-11-12,Phone,South,6,1442.68,8656.08,November,Sunday
2023-06-27,Monitor,East,4,1272.72,5090.88,June,Tuesday
2023-01-28,Tablet,South,4,396.36,1585.44,January,Saturday
2023-08-08,Keyboard,East,2,1009.14,2018.28,August,Tuesday
2023-12-23,Monitor,North,2,1583.06,3166.12,December,Saturday
2023-02-10,Keyboard,West,4,676.89,2707.56,February,Friday
2023-08-16,Monitor,South,5,692.21,3461.05,August,Wednesday
2023-07-11,Phone,East,8,105.97,847.76,July,Tuesday
2023-05-25,Tablet,North,6,431.06,2586.36,May,Thursday
2023-07-20,Monitor,North,4,1763.27,7053.08,July,Thursday
2023-07-31,Laptop,West,7,939.32,6575.240000000001,July,Monday
2023-08-08,Laptop,East,8,1970.05,15760.4,August,Tuesday
2023-08-28,Monitor,South,2,851.85,1703.7,August,Monday
2023-02-15,Monitor,West,7,1458.85,10211.949999999999,February,Wednesday
2023-02-04,Monitor,South,2,635.65,1271.3,February,Saturday
2023-09-10,Laptop,North,2,791.24,1582.48,September,Sunday
2023-03-23,Laptop,South,8,462.38,3699.04,March,Thursday
2023-09-13,Monitor,South,2,759.42,1518.84,September,Wednesday
2023-07-16,Keyboard,West,9,1139.75,10257.75,July,Sunday
2023-10-30,Keyboard,South,1,1984.37,1984.37,October,Monday
2023-01-10,Phone,West,9,1361.98,12257.82,January,Tuesday
2023-11-08,Tablet,North,1,478.57,478.57,November,Wednesday
2023-10-13,Keyboard,West,2,185.43,370.86,October,Friday
2023-08-30,Laptop,West,6,340.08,2040.48,August,Wednesday
2023-09-08,Keyboard,East,6,1168.85,7013.099999999999,September,Friday
2023-12-31,Phone,South,1,1553.8,1553.8,December,Sunday
2023-01-05,Phone,North,7,1886.8,13207.6,January,Thursday
2023-04-29,Tablet,West,8,130.06,1040.48,April,Saturday
2023-10-16,Keyboard,North,2,1093.24,2186.48,October,Monday
2023-03-06,Laptop,East,8,994.65,7957.2,March,Monday
2023-05-26,Laptop,South,9,1346.5,12118.5,May,Friday
2023-08-12,Monitor,West,6,1163.2,6979.200000000001,August,Saturday
2023-08-27,Laptop,South,5,1405.37,7026.849999999999,August,Sunday
2023-06-26,Tablet,East,9,1350.36,12153.24,June,Monday
2023-09-24,Tablet,East,9,322.32,2900.88,September,Sunday
2023-12-07,Laptop,North,1,1619.46,1619.46,December,Thursday
2023-10-09,Laptop,West,3,334.14,1002.42,October,Monday
2023-03-04,Monitor,North,9,1427.21,12844.89,March,Saturday
2023-08-05,Laptop,East,2,890.68,1781.36,August,Saturday
2023-12-08,Monitor,South,4,1076.32,4305.28,December,Friday
2023-11-11,Monitor,North,4,1816.27,7265.08,November,Saturday
2023-10-10,Laptop,North,2,1790.78,3581.56,October,Tuesday
2023-06-26,Phone,South,3,1653.93,4961.79,June,Monday
2023-04-08,Phone,North,3,1069.28,3207.84,April,Saturday
2023-04-15,Monitor,South,1,1498.86,1498.86,April,Saturday
2023-04-09,Laptop,West,6,1074.5,6447.0,April,Sunday
2023-11-07,Phone,South,8,1752.25,14018.0,November,Tuesday
2023-01-06,Laptop,West,3,865.27,2595.81,January,Friday
2023-07-16,Laptop,South,5,1943.45,9717.25,July,Sunday
2023-12-17,Laptop,East,1,1871.41,1871.41,December,Sunday
2023-05-13,Keyboard,East,7,1509.04,10563.279999999999,May,Saturday
2023-12-24,Laptop,West,1,630.89,630.89,December,Sunday
2023-09-16,Keyboard,West,9,350.14,3151.2599999999998,September,Saturday
2023-01-23,Monitor,East,8,1723.94,13791.52,January,Monday
2023-02-22,Phone,West,7,414.07,2898.49,February,Wednesday
2023-06-14,Phone,South,7,1723.1,12061.699999999999,June,Wednesday
2023-07-21,Phone,South,5,1032.45,5162.25,July,Friday
2023-03-24,Phone,East,5,872.46,4362.3,March,Friday
2023-05-25,Phone,North,5,1816.06,9080.3,May,Thursday
2023-03-26,Phone,South,1,1247.32,1247.32,March,Sunday
2023-03-19,Phone,West,8,1195.57,9564.56,March,Sunday
2023-01-01,Monitor,North,1,1161.66,1161.66,January,Sunday
2023-02-20,Laptop,North,4,805.22,3220.88,February,Monday
2023-06-22,Tablet,South,9,1592.72,14334.48,June,Thursday
2023-07-24,Keyboard,South,9,580.32,5222.88,July,Monday
2023-09-17,Tablet,North,5,1883.9,9419.5,September,Sunday
2023-10-15,Tablet,North,4,1798.57,7194.28,October,Sunday
2023-02-03,Laptop,East,3,741.21,2223.63,February,Friday
2023-12-14,Laptop,West,3,1485.98,4457.9400000000005,December,Thursday
2023-04-05,Laptop,East,5,1189.12,5945.599999999999,April,Wednesday
2023-03-13,Phone,South,1,741.53,741.53,March,Monday
2023-02-08,Monitor,East,5,1978.19,9890.95,February,Wednesday
2023-06-03,Phone,East,6,147.95,887.6999999999999,June,Saturday
2023-09-07,Monitor,East,7,580.03,4060.21,September,Thursday
2023-06-11,Monitor,East,9,1088.14,9793.26,June,Sunday
2023-04-28,Tablet,West,3,1091.71,3275.13,April,Friday
2023-09-16,Tablet,West,2,1218.97,2437.94,September,Saturday
2023-11-02,Monitor,North,3,1528.18,4584.54,November,Thursday
2023-09-25,Monitor,South,9,1284.61,11561.49,September,Monday
2023-02-23,Phone,East,7,1240.53,8683.71,February,Thursday
2023-08-24,Phone,North,9,201.68,1815.1200000000001,August,Thursday
2023-08-10,Tablet,North,2,815.41,1630.82,August,Thursday
2023-09-08,Laptop,North,5,540.91,2704.5499999999997,September,Friday
2023-11-09,Monitor,West,4,604.2,2416.8,November,Thursday
2023-04-22,Phone,East,2,1153.24,2306.48,April,Saturday
2023-09-12,Tablet,East,9,479.06,4311.54,September,Tuesday
2023-10-30,Phone,South,9,658.5,5926.5,October,Monday
2023-07-26,Monitor,East,6,550.46,3302.76,July,Wednesday
2023-08-17,Monitor,East,6,1902.16,11412.960000000001,August,Thursday
2023-12-07,Keyboard,North,8,1894.86,15158.88,December,Thursday
2023-03-07,Laptop,South,6,1258.89,7553.34,March,Tuesday
2023-03-16,Keyboard,East,1,1856.59,1856.59,March,Thursday
2023-04-13,Tablet,West,4,1593.04,6372.16,April,Thursday
2023-07-11,Phone,East,7,1220.9,8546.300000000001,July,Tuesday
2023-09-09,Tablet,North,2,112.23,224.46,September,Saturday
2023-08-14,Monitor,West,9,1567.78,14110.02,August,Monday
2023-10-21,Keyboard,North,8,1434.73,11477.84,October,Saturday
2023-11-02,Keyboard,East,8,1268.98,10151.84,November,Thursday
2023-04-08,Keyboard,West,7,1544.81,10813.67,April,Saturday
2023-12-04,Tablet,South,4,1074.55,4298.2,December,Monday
2023-10-13,Monitor,South,2,1437.76,2875.52,October,Friday
2023-12-01,Phone,West,3,1876.83,5630.49,December,Friday
2023-12-13,Phone,West,6,814.03,4884.18,December,Wednesday
2023-11-04,Tablet,North,5,1445.43,7227.150000000001,November,Saturday
2023-09-06,Keyboard,West,8,1003.81,8030.48,September,Wednesday
2023-06-15,Laptop,North,6,1381.36,8288.16,June,Thursday
2023-12-01,Tablet,East,6,1549.5,9297.0,December,Friday
2023-01-30,Tablet,North,1,186.36,186.36,January,Monday
2023-09-04,Monitor,West,4,1328.54,5314.16,September,Monday
2023-04-16,Phone,West,5,530.81,2654.0499999999997,April,Sunday
2023-02-20,Tablet,East,3,1373.06,4119.18,February,Monday
2023-03-22,Tablet,West,9,989.83,8908.470000000001,March,Wednesday
2023-05-13,Keyboard,West,1,1569.75,1569.75,May,Saturday
2023-10-12,Keyboard,South,6,334.46,2006.7599999999998,October,Thursday
2023-05-18,Laptop,South,6,1290.01,7740.0599999999995,May,Thursday
2023-07-03,Monitor,East,5,629.09,3145.4500000000003,July,Monday
2023-11-26,Laptop,North,5,1720.67,8603.35,November,Sunday
2023-09-30,Keyboard,South,5,1863.93,9319.65,September,Saturday
2023-12-06,Phone,North,6,1993.16,11958.960000000001,December,Wednesday
2023-03-10,Keyboard,West,8,1612.41,12899.28,March,Friday
2023-02-03,Monitor,South,2,1532.09,3064.18,February,Friday
2023-09-19,Keyboard,East,6,509.45,3056.7,September,Tuesday
2023-02-22,Monitor,East,1,738.41,738.41,February,Wednesday
2023-07-24,Monitor,East,4,984.8,3939.2,July,Monday
2023-05-06,Monitor,South,3,1569.42,4708.26,May,Saturday
2023-08-23,Monitor,North,9,1838.44,16545.96,August,Wednesday
2023-02-12,Monitor,West,3,459.36,1378.08,February,Sunday
2023-08-28,Phone,North,6,1852.5,11115.0,August,Monday
2023-04-21,Laptop,North,1,1421.69,1421.69,April,Friday
2023-09-06,Tablet,West,6,1260.46,7562.76,September,Wednesday
2023-05-31,Laptop,West,4,479.7,1918.8,May,Wednesday
2023-07-02,Monitor,South,8,205.5,1644.0,July,Sunday
2023-12-02,Phone,South,9,1180.08,10620.72,December,Saturday
2023-04-05,Keyboard,South,4,1337.88,5351.52,April,Wednesday
2023-01-08,Phone,South,6,500.48,3002.88,January,Sunday
2023-12-26,Monitor,South,1,1157.27,1157.27,December,Tuesday
2023-07-03,Phone,West,4,1727.34,6909.36,July,Monday
2023-10-08,Phone,North,7,1686.63,11806.41,October,Sunday
2023-07-14,Monitor,South,1,1861.97,1861.97,July,Friday
2023-12-18,Phone,South,8,795.18,6361.44,December,Monday
2023-07-14,Tablet,North,6,704.29,4225.74,July,Friday
2023-06-04,Tablet,South,5,1523.91,7619.55,June,Sunday
2023-04-03,Phone,North,9,919.11,8271.99,April,Monday
2023-06-09,Keyboard,North,2,266.34,532.68,June,Friday
2023-03-02,Monitor,West,5,637.32,3186.6000000000004,March,Thursday
2023-05-02,Tablet,East,6,895.31,5371.86,May,Tuesday
2023-02-20,Keyboard,West,7,655.78,4590.46,February,Monday
2023-10-04,Phone,East,5,731.19,3655.9500000000003,October,Wednesday
2023-01-05,Keyboard,East,9,658.17,5923.53,January,Thursday
2023-04-02,Laptop,East,1,178.85,178.85,April,Sunday
2023-06-19,Tablet,South,7,1310.48,9173.36,June,Monday
2023-11-13,Phone,West,7,1234.86,8644.019999999999,November,Monday
2023-01-22,Monitor,East,4,1341.43,5365.72,January,Sunday
2023-11-22,Phone,North,9,465.39,4188.51,November,Wednesday
2023-01-01,Monitor,South,5,661.74,3308.7,January,Sunday
2023-05-13,Phone,West,4,1277.27,5109.08,May,Saturday
2023-08-21,Keyboard,East,7,1239.29,8675.029999999999,August,Monday
2023-01-12,Keyboard,North,4,1062.03,4248.12,January,Thursday
2023-12-12,Keyboard,West,3,765.79,2297.37,December,Tuesday
2023-02-15,Laptop,West,9,1834.57,16511.13,February,Wednesday
2023-02-03,Monitor,South,8,745.56,5964.48,February,Friday
2023-03-19,Keyboard,West,1,965.68,965.68,March,Sunday
2023-08-06,Laptop,South,7,1388.42,9718.94,August,Sunday
2023-10-28,Monitor,East,9,1131.74,10185.66,October,Saturday
2023-03-14,Phone,South,8,759.08,6072.64,March,Tuesday
2023-10-09,Laptop,North,8,927.73,7421.84,October,Monday
2023-09-06,Tablet,South,6,1609.51,9657.06,September,Wednesday
2023-02-16,Laptop,North,4,628.45,2513.8,February,Thursday
2023-05-01,Laptop,South,8,370.28,2962.24,May,Monday
2023-08-02,Monitor,West,3,695.01,2085.0299999999997,August,Wednesday
2023-08-27,Phone,East,9,1714.12,15427.079999999998,August,Sunday
2023-02-25,Tablet,North,2,269.08,538.16,February,Saturday
2023-12-16,Keyboard,South,2,1984.22,3968.44,December,Saturday
2023-04-17,Keyboard,South,7,1127.91,7895.370000000001,April,Monday
2023-11-15,Laptop,South,4,1971.21,7884.84,November,Wednesday
2023-02-17,Monitor,West,8,1884.09,15072.72,February,Friday
2023-03-02,Monitor,West,9,960.35,8643.15,March,Thursday
2023-12-03,Keyboard,Online,7,477.13,3339.91,December,Sunday
2023-01-26,Tablet,North,5,413.28,2066.3999999999996,January,Thursday
2023-10-19,Phone,West,8,555.98,4447.84,October,Thursday
2023-09-14,Tablet,North,4,1449.25,5797.0,September,Thursday
2023-01-08,Phone,East,2,618.6,1237.2,January,Sunday
2023-04-23,Keyboard,East,6,748.71,4492.26,April,Sunday
2023-12-21,Phone,West,9,952.68,8574.119999999999,December,Thursday
2023-09-10,Monitor,North,1,1835.14,1835.14,September,Sunday
2023-06-29,Laptop,South,7,459.85,3218.9500000000003,June,Thursday
2023-07-26,Laptop,East,9,109.55,985.9499999999999,July,Wednesday
2023-10-30,Keyboard,West,9,214.18,1927.6200000000001,October,Monday
2023-05-07,Monitor,North,3,1819.06,5457.18,May,Sunday
2023-02-25,Tablet,West,5,1330.28,6651.4,February,Saturday
2023-08-02,Monitor,South,8,618.78,4950.24,August,Wednesday
2023-01-14,Laptop,East,8,436.67,3493.36,January,Saturday
2023-01-28,Laptop,West,4,659.11,2636.44,January,Saturday
2023-03-19,Monitor,West,1,318.11,318.11,March,Sunday
2023-08-04,Monitor,West,1,1888.91,1888.91,August,Friday
2023-12-31,Laptop,South,4,1589.99,6359.96,December,Sunday
2023-06-03,Tablet,West,6,978.54,5871.24,June,Saturday
2023-01-14,Keyboard,South,8,1743.43,13947.44,January,Saturday
2023-07-06,Keyboard,South,6,573.97,3443.82,July,Thursday
2023-11-08,Monitor,South,9,1462.53,13162.77,November,Wednesday
2023-01-07,Keyboard,East,9,1726.65,15539.85,January,Saturday
2023-01-03,Laptop,East,2,777.86,1555.72,January,Tuesday
2023-04-21,Laptop,West,1,1539.18,1539.18,April,Friday
2023-08-26,Monitor,West,2,660.64,1321.28,August,Saturday
2023-12-29,Monitor,East,5,667.83,3339.15,December,Friday
2023-08-27,Monitor,North,4,303.41,1213.64,August,Sunday
2023-10-01,Tablet,East,4,936.11,3744.44,October,Sunday
2023-10-21,Keyboard,South,9,1486.45,13378.050000000001,October,Saturday
2023-08-15,Monitor,East,8,1886.42,15091.36,August,Tuesday
2023-01-15,Phone,South,6,1247.21,7483.26,January,Sunday
2023-07-11,Phone,West,1,1739.96,1739.96,July,Tuesday
2023-04-29,Laptop,North,2,1662.74,3325.48,April,Saturday
2023-01-28,Keyboard,West,6,429.35,2576.1000000000004,January,Saturday
2023-07-21,Monitor,South,2,1023.05,2046.1,July,Friday
2023-02-08,Phone,South,5,322.15,1610.75,February,Wednesday
2023-09-30,Keyboard,South,5,1396.09,6980.45,September,Saturday
2023-08-19,Laptop,North,6,1904.81,11428.86,August,Saturday
2023-03-27,Tablet,East,6,360.47,2162.82,March,Monday
2023-05-06,Keyboard,West,6,1494.38,8966.28,May,Saturday
2023-10-27,Keyboard,West,2,1301.25,2602.5,October,Friday
2023-01-25,Tablet,Online,3,1208.85,3626.5499999999997,January,Wednesday
2023-05-25,Keyboard,Online,6,841.23,5047.38,May,Thursday
2023-01-13,Laptop,North,8,774.75,6198.0,January,Friday
2023-07-31,Laptop,West,1,185.97,185.97,July,Monday
2023-01-25,Tablet,South,1,514.03,514.03,January,Wednesday
2023-03-09,Monitor,Online,2,128.84,257.68,March,Thursday
2023-03-08,Phone,North,6,1204.69,7228.14,March,Wednesday
2023-08-21,Monitor,East,9,301.12,2710.08,August,Monday
2023-04-19,Keyboard,North,4,1758.74,7034.96,April,Wednesday
2023-05-26,Phone,South,3,1093.97,3281.91,May,Friday
2023-04-21,Tablet,East,8,1429.41,11435.28,April,Friday
2023-08-16,Tablet,West,9,880.63,7925.67,August,Wednesday
2023-04-21,Phone,North,5,1165.1,5825.5,April,Friday
2023-02-03,Laptop,Online,9,1891.05,17019.45,February,Friday
2023-04-21,Phone,West,2,257.19,514.38,April,Friday
2023-09-21,Keyboard,East,3,582.48,1747.44,September,Thursday
2023-08-24,Laptop,East,7,1581.98,11073.86,August,Thursday
2023-03-24,Tablet,East,7,287.6,2013.2000000000003,March,Friday
2023-02-11,Phone,North,6,243.76,1462.56,February,Saturday
2023-04-11,Monitor,West,6,786.93,4721.58,April,Tuesday
2023-01-06,Monitor,South,2,275.12,550.24,January,Friday
2023-06-29,Keyboard,North,6,1211.65,7269.900000000001,June,Thursday
2023-10-09,Monitor,North,4,529.92,2119.68,October,Monday
2023-11-16,Phone,North,3,1801.83,5405.49,November,Thursday
2023-08-14,Phone,South,2,1588.65,3177.3,August,Monday
2023-11-11,Monitor,West,1,1429.44,1429.44,November,Saturday
2023-12-31,Phone,West,5,1272.19,6360.950000000001,December,Sunday
2023-08-17,Keyboard,West,2,1740.58,3481.16,August,Thursday
2023-10-16,Laptop,East,2,523.82,1047.64,October,Monday
2023-05-30,Keyboard,East,7,1758.91,12312.37,May,Tuesday
2023-10-04,Keyboard,East,8,1600.04,12800.32,October,Wednesday
2023-07-17,Phone,South,8,1521.51,12172.08,July,Monday
2023-03-11,Laptop,East,4,1166.39,4665.56,March,Saturday
2023-04-22,Phone,South,1,567.86,567.86,April,Saturday
2023-01-04,Tablet,West,7,904.74,6333.18,January,Wednesday
2023-12-16,Phone,East,1,1607.78,1607.78,December,Saturday
2023-11-27,Phone,East,4,160.38,641.52,November,Monday
2023-11-14,Phone,North,8,1585.9,12687.2,November,Tuesday
2023-12-16,Laptop,South,2,556.13,1112.26,December,Saturday
2023-04-05,Phone,West,6,374.19,2245.14,April,Wednesday
2023-06-01,Laptop,North,6,319.83,1918.98,June,Thursday
2023-11-07,Monitor,North,9,151.78,1366.02,November,Tuesday
2023-05-17,Tablet,West,5,1094.81,5474.049999999999,May,Wednesday
2023-09-04,Laptop,North,4,514.69,2058.76,September,Monday
2023-08-31,Monitor,South,5,1979.92,9899.6,August,Thursday
2023-01-31,Laptop,South,5,1191.43,5957.150000000001,January,Tuesday
2023-02-09,Laptop,East,8,361.98,2895.84,February,Thursday
2023-08-17,Tablet,North,8,1408.65,11269.2,August,Thursday
2023-02-05,Keyboard,East,2,1805.71,3611.42,February,Sunday
2023-08-11,Keyboard,North,7,1515.84,10610.88,August,Friday
2023-01-06,Laptop,South,8,245.24,1961.92,January,Friday
2023-11-18,Phone,South,6,1802.18,10813.08,November,Saturday
2023-08-08,Monitor,South,5,1608.47,8042.35,August,Tuesday
2023-03-16,Phone,North,9,400.78,3607.0199999999995,March,Thursday
2023-01-04,Phone,South,3,198.39,595.17,January,Wednesday
2023-12-01,Laptop,North,4,1158.89,4635.56,December,Friday
2023-05-14,Laptop,East,9,396.47,3568.2300000000005,May,Sunday
2023-04-28,Laptop,North,6,1685.72,10114.32,April,Friday
2023-04-04,Laptop,East,8,780.84,6246.72,April,Tuesday
2023-03-03,Keyboard,North,7,1834.5,12841.5,March,Friday
2023-07-13,Laptop,East,2,1174.81,2349.62,July,Thursday
2023-12-01,Keyboard,South,3,447.08,1341.24,December,Friday
2023-07-22,Keyboard,East,1,365.24,365.24,July,Saturday
2023-01-26,Laptop,South,9,1195.3,10757.699999999999,January,Thursday
2023-06-22,Tablet,South,7,1547.58,10833.06,June,Thursday
2023-10-27,Monitor,East,1,1584.86,1584.86,October,Friday
2023-05-13,Phone,North,3,623.94,1871.8200000000002,May,Saturday
2023-11-22,Keyboard,North,4,488.07,1952.28,November,Wednesday
2023-04-28,Monitor,West,4,131.84,527.36,April,Friday
2023-11-20,Tablet,North,5,1390.48,6952.4,November,Monday
2023-10-02,Phone,West,3,245.48,736.4399999999999,October,Monday
2023-07-31,Phone,North,3,899.45,2698.3500000000004,July,Monday
2023-08-13,Keyboard,North,1,1243.2,1243.2,August,Sunday
2023-01-20,Laptop,South,7,1880.51,13163.57,January,Friday
2023-04-23,Tablet,West,1,692.42,692.42,April,Sunday
2023-05-20,Keyboard,North,2,574.57,1149.14,May,Saturday
2023-02-16,Tablet,West,4,1342.9,5371.6,February,Thursday
2023-01-01,Laptop,South,4,1276.55,5106.2,January,Sunday
2023-03-31,Laptop,South,5,731.01,3655.05,March,Friday
2023-05-22,Keyboard,West,2,1863.39,3726.78,May,Monday
2023-11-16,Laptop,South,4,1705.24,6820.96,November,Thursday
2023-02-07,Monitor,East,1,525.57,525.57,February,Tuesday
2023-10-20,Phone,East,2,554.37,1108.74,October,Friday
2023-05-19,Keyboard,South,1,1073.37,1073.37,May,Friday
2023-12-22,Tablet,East,4,1569.79,6279.16,December,Friday
2023-11-29,Monitor,North,4,183.68,734.72,November,Wednesday
